street_address,customer,building_id,province,heat_type,annual_utility_cost,annual_utility_per_sqft,total_energy_intensity_sqft,total_energy_intensity_sqm,oer,hydro_rate_type,annual_hydro_usage,annual_hydro_cost_opt,annual_gas_usage_m3,annual_gas_cost_opt,annual_gas_usage_ekwh,annual_water_usage,annual_water_cost_opt,electrical_energy_intensity_sqft,electrical_energy_intensity_sqm,hydro_com_rate,hydro_reg_rate,hydro_total_rate,annual_hydro_com_cost,annual_hydro_reg_cost,annual_hydro_total_cost,annual_hydro_cost_sqft,thermal_energy_intensity_sqft,thermal_energy_intensity_sqm,gas_com_rate,gas_reg_rate,gas_total_rate,annual_gas_com_cost,annual_gas_reg_cost,annual_total_gas_cost_calc,annual_gas_cost_sqft,water_rate,annual_water_cost,annual_water_cost_sqft,water_energy_intensity_sqm,annual_water_use_per_suite,annual_water_cost_per_suite,,,savings
Building 87,Client1,6000001,ON,,,,,,Yes,Two Tiered,1238189,,205036,,2131349.22,,,,,0.098,0.033466,0.131466,121342.522,41437.23307,156268.5649,,,,0.155,0.158788257,0.313788257,31780.58,32557.30906,72701.81464,,4.4827,,,,,,,,
Building 90,Client1,6000003,ON,,,,,,Yes,Two Tiered,948088,,,,,,,,,0.098,0.033466,0.131466,92912.624,31728.71301,119655.6835,,,,0.155,0.158788257,0.313788257,,,,,4.4827,,,,,,,,
Building 89,Client1,6000004,ON,,,,,,Yes,Two Tiered,954888,,,,,,,,,0.098,0.033466,0.131466,93579.024,31956.28181,120513.8936,,,,0.155,0.158788257,0.313788257,,,,,4.4827,,,,,,,,
Building 88,Client1,6000005,ON,,,,,,Yes,Two Tiered,998256,,,,,,,,,0.098,0.033466,0.131466,97829.088,33407.6353,125987.2544,,,,0.155,0.158788257,0.313788257,,,,,4.4827,,,,,,,,
Building 45,Client1,6000008,ON,,159176.0504,,,,Yes,TOU,161868,,187662,,1950746.49,15865,,,,0.105,0.033466,0.138466,16996.14,5417.074488,21516.68591,,,,0.155,0.158788257,0.313788257,29087.61,29798.52189,66541.32903,,4.4827,71118.0355,,,,,,,
Building 96,Client1,6000009,ON,,90469.80642,,,,Yes,TOU,58913,,85675,,890591.625,11181,,,,0.105,0.033466,0.138466,6185.865,1971.582458,7831.14956,,,,0.177093,0.158788257,0.335881257,15172.44278,13604.18392,32517.58816,,4.4827,50121.0687,,,,,,,
Building 85,Client1,6000010,ON,,95045.6678,,,,Yes,TOU,218429,,93573,,972691.335,7324,,,,0.105,0.033466,0.138466,22935.045,7309.944914,29035.19032,,,,0.155,0.158788257,0.313788257,14503.815,14858.29357,33179.18269,,4.4827,32831.2948,,,187.7948718,841.8280718,,,
Building 83,Client1,6000011,ON,,130616.4044,,,,Yes,Two Tiered,307940,,132188,,1374094.26,10012,,,,0.098,0.033466,0.131466,30178.12,10305.52004,38864.29444,,,,0.155,0.158788257,0.313788257,20489.14,20989.90212,46871.31759,,4.4827,44880.7924,,,158.9206349,712.3935302,,,
Building 73,Client1,6000014,ON,,367009.1967,,,,Yes,Two Tiered,1680200,,97326,,1011703.77,26869,,,,0.098,0.033466,0.131466,164659.6,56229.5732,212053.6063,,,,0.155,0.158788257,0.313788257,15085.53,15454.2259,34509.92417,,4.4827,120445.6663,,,197.5661765,885.6298993,,,
Building 122,Client1,6000015,ON,,,,,,Yes,Two Tiered,987657,,,,,,,,,0.098,0.033466,0.131466,96790.386,33052.92916,124649.5826,,,,0.155,0.158788257,0.313788257,,,,,4.4827,,,,,,,,
Building 98,Client1,6000016,ON,,,,,,Yes,Two Tiered,985765,,,,,21887,,,,0.098,0.033466,0.131466,96604.97,32989.61149,124410.7982,,,,0.155,0.158788257,0.313788257,,,,,4.4827,98112.8549,,,127.994152,573.7593854,,,
Building 84,Client1,6000017,ON,,313291.0969,,,,Yes,Two Tiered,771146,,305005,,3170526.975,24052,,,,0.098,0.033466,0.131466,75572.308,25807.17204,97324.30083,,,,0.155,0.158788257,0.313788257,47275.775,48431.21233,108148.8957,,4.4827,107817.9004,,,195.5447154,876.5682959,,,
Building 81,Client1,6000018,ON,,,,,,Yes,Two Tiered,867566,,,,,,,,,0.098,0.033466,0.131466,85021.468,29033.96376,109493.2145,,,,0.155,0.158788257,0.313788257,,,,,4.4827,,,,,,,,
Building 118,Client1,6000019,ON,,,,,,Yes,TOU,11262,,,,,4315,,,,0.105,0.033466,0.138466,1182.51,376.894092,1497.027928,,,,,,,,,,,4.4827,19342.8505,,,,,,,
Building 97,Client1,6000020,ON,,,,,,Yes,TOU,23403,,88181,,916641.495,,,,,0.105,0.033466,0.138466,2457.315,783.204798,3110.899006,,,,0.155,0.158788257,0.313788257,13668.055,14002.10729,31267.28339,,4.4827,,,,,,,,
Building 112,Client1,6000021,ON,,,,,,Yes,TOU,10218,,,,,,,,,0.105,0.033466,0.138466,1072.89,341.955588,1358.251764,,,,,,,,,,,4.4827,,,,,,,,
Building 113,Client1,6000022,ON,,,,,,Yes,TOU,10235,,,,,,,,,0.105,0.033466,0.138466,1074.675,342.52451,1360.51153,,,,,,,,,,,4.4827,,,,,,,,
Building 119,Client1,6000023,ON,,,,,,Yes,Two Tiered,870692,,,,,,,,,0.098,0.033466,0.131466,85327.816,29138.57847,109887.7387,,,,0.155,0.158788257,0.313788257,,,,,4.4827,,,,,,,,
Building 110,Client1,6000024,ON,,,,,,Yes,Two Tiered,940548,,,,,,,,,0.098,0.033466,0.131466,92173.704,31476.37937,118704.08,,,,,,,,,,,4.4827,,,,,,,,
Building 115,Client1,6000029,ON,,,,,,Yes,Two Tiered,124520,,,,,,,,,0.098,0.033466,0.131466,12202.96,4167.18632,15715.34047,,,,,,,,,,,4.4827,,,,,,,,
Building 86,Client1,6000030,ON,,,,,,Yes,Two Tiered,133120,,,,,,,,,0.098,0.033466,0.131466,13045.76,4454.99392,16800.72376,,,,0.155,0.158788257,0.313788257,,,,,4.4827,,,,,,,,
Building 79,Client1,6000002,ON,,,,,,Yes,Two Tiered,565130,,,,,,,,,0.098,0.03061042,0.12861042,55382.74,17298.86665,69774.34239,,,,0.155,0.158788257,0.313788257,,,,,3.1269,,,,,,,,
Building 92,Client1,6000006,ON,,,,,,Yes,Two Tiered,,,206201,,2143459.395,,,,,0.098,0.02702245,0.12502245,,,,,,,0.2047,0.157530733,0.362230733,42209.3447,32482.99468,84402.34349,,2.751,,,,,,,,
Building 117,Client1,6000007,ON,,,,,,Yes,TOU,148066,,70734,,735279.93,,,,,0.105,0.03061042,0.13561042,15546.93,4532.362448,19276.12075,,,,0.155,0.158788257,0.313788257,10963.77,11231.72857,25080.91338,,3.1269,,,,,,,,
Building 78,Client1,6000012,ON,,,,,,Yes,Spot Market,,,93315,,970009.425,,,,,0.1,0.02702245,0.12702245,,,,,,,0.2047,0.157530733,0.362230733,19101.5805,14699.98035,38195.76376,,2.751,,,,,,,,
Building 80,Client1,6000013,ON,,,,,,Yes,Two Tiered,250035,,102117,,1061506.215,,,,,0.098,0.03061042,0.12861042,24503.43,7653.676365,30870.82211,,,,0.155,0.158788257,0.313788257,15828.135,16214.98044,36208.72045,,3.1269,,,,,,,,
Building 105,Client1,6000025,ON,,,,,,Yes,Two Tiered,285478,,102773,,1068325.335,,,,,0.098,0.03061042,0.12861042,27976.844,8738.601481,35246.82766,,,,0.155,0.158788257,0.313788257,15929.815,16319.14554,36441.32541,,3.1269,,,,,,,,
Building 101,Client1,6000026,ON,,,,,,Yes,Two Tiered,295018,,103379,,1074624.705,,,,,0.098,0.03061042,0.12861042,28911.764,9030.624888,36424.69333,,,,0.155,0.158788257,0.313788257,16023.745,16415.37122,36656.20133,,3.1269,,,,,,,,
Building 76,Client1,6000027,ON,,,,,,Yes,Two Tiered,550948,,141480,,1470684.6,,,,,0.098,0.03061042,0.12861042,53992.904,16864.74968,68023.34753,,,,0.155,0.158788257,0.313788257,21929.4,22465.3626,50166.08174,,3.1269,,,,,,,,
Building 37,Client1,6000028,ON,,,,,,Yes,Two Tiered,499561,,141681,,1472773.995,,,,,0.098,0.03061042,0.12861042,48956.978,15291.77203,61678.80002,,,,0.155,0.158788257,0.313788257,21960.555,22497.27904,50237.35247,,3.1269,,,,,,,,
Building 116,Client2,1000064,ON,Gas,75620.43,0.391752775,2.550797411,27.45745329,Yes,Two Tiered,413329,50433.96,7605,2672.38,79053.975,7243,22514.09,2.141257104,23.04905386,0.098,0.0355,0.1335,40506.242,14673.1795,50433.96,0.261273889,0.409540307,4.408399429,0.144,0.160013372,0.304013372,1095.12,1216.901694,2672.38,0.013844305,2.43,22514.09,0.116634582,0.403901727,39.7967033,123.7037912,,,
Building 121,Client2,1000049,ON,Gas,80221.53,0.380250889,5.588543229,60.15654714,Yes,Two Tiered,177280,23203.43,96367,32180.03,1001734.965,14613,24838.07,0.840309049,9.045307305,0.098,0.03406994,0.13206994,17373.44,6039.918963,23203.43,0.1099845,4.74823418,51.11123983,0.177093,0.157530733,0.334623733,17065.92113,15180.76415,32180.03,0.152533678,2.081619052,24838.07,0.117732711,0.745594966,93.67307692,159.2183974,,,
Building 114,Client2,1000048,ON,Gas,121656.19,0.576651609,8.414588188,90.57683733,Yes,Two Tiered,395331,50193.71,132746,43613.17,1379894.67,17667,27849.31,1.873873063,20.17086181,0.098,0.03406994,0.13206994,38742.438,13468.90345,50193.71,0.237918709,6.540715125,70.40597552,0.144,0.157530733,0.301530733,19115.424,20911.57468,43613.17,0.206726881,2.081619052,27849.31,0.13200602,0.901418345,113.9806452,179.6729677,,,
Building 77,Client2,1000031,ON,Gas,294288.1,1.28551628,9.522553795,102.5032701,Yes,Two Tiered,1059691,121140.32,107770,36739.76,1120269.15,22658,136408.02,4.628967439,49.82742131,0.098,0.02824192,0.12624192,103849.718,29927.70845,121140.32,0.529168028,4.893586355,52.67584882,0.107,0.166423,0.273423,11531.39,17935.40671,36739.76,0.160487494,5.7447,136408.02,0.595860758,1.065395207,109.4589372,658.975942,,,
Building 111,Client2,1000025,ON,Gas,47357.06,0.87029422,9.651989801,103.8965533,Yes,Spot Market,271627,29671.72,24395,8780.05,253586.025,3378,8905.29,4.991766976,53.73269081,0.1,0.0206937,0.1206937,27162.7,5620.96765,29671.72,0.545285675,4.660222825,50.16386248,0.144,0.160013372,0.304013372,3512.88,3903.52621,8780.05,0.161353487,3.964,8905.29,0.163655058,0.668228967,75.06666667,197.8953333,,,
Building 72,Client2,1000063,ON,Gas,226453.1,0.972364946,9.880311801,106.3542713,Yes,Spot Market,1007327,122336.35,124453,43793.62,1293688.935,21117,60323.13,4.325352421,46.55922951,0.1,0.0355,0.1355,100732.7,35760.1085,122336.35,0.525298962,5.55495938,59.79504176,0.144,0.160013372,0.304013372,17921.232,19914.14419,43793.62,0.188045034,2.43,60323.13,0.25902095,0.976039806,99.14084507,283.2071831,,,
Building 120,Client2,1000023,ON,Gas,91109.14,0.646540116,10.15957585,109.3603429,Yes,TOU,229818,31517.09,115618,37232.32,1201849.11,7486,22359.73,1.630863339,17.55504132,0.105,0.0355,0.1405,24130.89,8158.539,31517.09,0.22365553,8.528712514,91.80530155,0.144,0.157530733,0.301530733,16648.992,18213.38829,37232.32,0.264212663,2.43,22359.73,0.158671923,0.571830924,79.63829787,237.8694681,,,
Building 82,Client2,1000026,ON,Gas,147622.09,0.934317025,10.39449022,111.8890228,Yes,Spot Market,901904,92650.73,71229,23365.02,740425.455,13136,31606.34,5.708253165,61.44513632,0.1,0.0206937,0.1206937,90190.4,18663.7308,92650.73,0.586397025,4.686237057,50.44388651,0.144,0.157530733,0.301530733,10256.976,11220.75658,23365.02,0.147879873,3.964,31606.34,0.200040127,0.894932621,93.16312057,224.1584397,,,
Building 109,Client2,1000042,ON,Gas,366124.51,1.381330871,10.53979768,113.4531505,Yes,Spot Market,751715,175908.56,196429,62233.8,2041879.455,53285,127982.15,2.836103859,30.52856683,0.1,0.0355,0.1355,75171.5,26685.8825,175908.56,0.663675656,7.703693822,82.92458366,0.144,0.157530733,0.301530733,28285.776,30943.60435,62233.8,0.234798455,2.43,127982.15,0.48285676,2.164004555,232.6855895,558.8740175,,,
Building 103,Client2,1000065,ON,Gas,159552.8608,1.059454982,10.6807175,114.9700485,Yes,Spot Market,665419,,90725,,943086.375,12938,,4.418482194,47.56170285,0.1,0.0206937,0.1206937,66541.9,13769.98116,77099.40591,0.511951646,6.262235307,67.40834561,0.144,0.160013372,0.304013372,13064.4,14517.21317,31167.22289,0.206955045,3.964,51286.232,0.34054829,0.924760657,85.11842105,337.4094211,,,1481785.6
Building 94,Client2,1000030,ON,Gas,163460.48,0.869503013,10.7877934,116.1226416,Yes,Spot Market,903800,94445.06,108151,34897.75,1124229.645,14279,34117.67,4.807625816,51.750547,0.1,0.0206937,0.1206937,90380,18702.96606,94445.06,0.502386046,5.980167586,64.37209458,0.144,0.157530733,0.301530733,15573.744,17037.1063,34897.75,0.185633242,3.964,34117.67,0.181483725,0.817599093,95.19333333,227.4511333,,,
Building 93,Client2,1000041,ON,Gas,339787.1,1.281963917,11.00544154,118.4654633,Yes,Spot Market,751715,175908.56,208302,65871.2,2165299.29,40314,98007.34,2.836103859,30.52856683,0.1,0.0355,0.1355,75171.5,26685.8825,175908.56,0.663675656,8.169337677,87.93689642,0.144,0.157530733,0.301530733,29995.488,32813.96675,65871.2,0.248521799,2.43,98007.34,0.369766461,1.63722773,176.0436681,427.9796507,,,
Building 104,Client2,1000004,ON,Gas,194012.51,1.078296568,11.052404,118.9709796,Yes,Spot Market,753657,88781.81,118802,38370.93,1234946.79,26153,66859.77,4.188728637,45.08857521,0.1,0.0355,0.1355,75365.7,26754.8235,88781.81,0.493437877,6.863675365,73.88240436,0.144,0.157530733,0.301530733,17107.488,18714.96614,38370.93,0.213260692,2.43,66859.77,0.371597999,1.564639494,162.4409938,415.2780745,,,
Building 99,Client2,1000020,ON,Gas,165865.89,0.95876237,11.11974948,119.695904,Yes,Two Tiered,415319,57429.47,145108,46344.56,1508397.66,24225,62091.86,2.400687861,25.84163467,0.098,0.0355,0.1335,40701.262,14743.8245,57429.47,0.331962254,8.719061618,93.85426931,0.144,0.157530733,0.301530733,20895.552,22858.9696,46344.56,0.26788763,2.43,62091.86,0.358912486,1.507307877,154.2993631,395.4895541,,,
Building 100,Client2,1000047,ON,Electric,144309.07,1.209337797,11.16098254,120.1397474,Yes,Two Tiered,913295,108752.89,40263,14383.55,418533.885,10889,21172.63,7.653587979,82.38523121,0.098,0.03406994,0.13206994,89502.91,31115.90585,108752.89,0.911370161,3.507394556,37.75451621,0.144,0.160013372,0.304013372,5797.872,6442.618397,14383.55,0.120536919,2.081619052,21172.63,0.177430717,0.982259601,93.06837607,180.9626496,,,
Building 95,Client2,1000040,ON,Gas,582001.66,2.069552629,11.28855957,121.5130201,Yes,Two Tiered,1594145,181416.16,152038,51121.85,1580435.01,60020,349463.65,5.668655612,61.01889787,0.098,0.02824192,0.12624192,156226.21,45021.71556,181416.16,0.645101753,5.619903955,60.49412222,0.107,0.166423,0.273423,16268.066,25302.62007,51121.85,0.181785322,5.7447,349463.65,1.242665555,2.297378375,242.9959514,1414.832591,,,
Building 91,Client2,1000027,ON,Gas,141082.8,0.914382376,11.48206665,123.5959812,Yes,Spot Market,759774,80354.96,97338,31410.82,1011828.51,12087,29317.02,4.924228578,53.00568975,0.1,0.0206937,0.1206937,75977.4,15722.53522,80354.96,0.520794592,6.557838074,70.59029144,0.144,0.157530733,0.301530733,14016.672,15333.72649,31410.82,0.203579035,3.964,29317.02,0.19000875,0.843250456,81.12080537,196.7585235,,,
Building 75,Client2,1000008,ON,Electric,181920.21,1.230021704,11.55933854,124.4277561,Yes,Spot Market,1083369,123709.06,60246,20239.33,626257.17,13851,37971.82,7.325010142,78.84833307,0.1,0.0355,0.1355,108336.9,38459.5995,123709.06,0.836437187,4.234328398,45.57942301,0.144,0.157530733,0.301530733,8675.424,9490.59654,20239.33,0.136844692,2.43,37971.82,0.256739824,1.008085206,96.1875,263.6931944,,,
Building 74,Client2,1000021,ON,Gas,230382.21,1.025465969,11.64706736,125.3720921,Yes,Spot Market,990448,121446.4,156440,49716.5,1626193.8,23136,59219.31,4.408633452,47.4556884,0.1,0.0355,0.1355,99044.8,35160.904,121446.4,0.540576246,7.238433907,77.91640374,0.144,0.157530733,0.301530733,22527.36,24644.10787,49716.5,0.221295641,2.43,59219.31,0.263594082,1.108523423,137.7142857,352.4958929,,,
Building 18,Client2,1000006,ON,Electric,185342.31,1.253159635,11.65857241,125.4959356,Yes,Spot Market,1110291,126305.1,59068,19707.39,614011.86,14303,39329.82,7.50703854,80.80773455,0.1,0.0355,0.1355,111029.1,39415.3305,126305.1,0.853989858,4.151533874,44.68820101,0.144,0.157530733,0.301530733,8505.792,9305.025337,19707.39,0.133248073,2.43,39329.82,0.265921704,1.040982073,102.1642857,280.9272857,,,
Building 35,Client2,1000053,ON,Gas,211834.59,1.039174045,11.68604943,125.7917054,Yes,Spot Market,917929,105912.94,140862,45074.76,1464260.49,21673,60846.89,4.502985053,48.47131381,0.1,0.03031432,0.13031432,91792.9,27826.39344,105912.94,0.519565659,7.183064376,77.32039156,0.144,0.157530733,0.301530733,20284.128,22190.09411,45074.76,0.221118377,2.751,60846.89,0.29849001,1.144444488,136.3081761,382.6848428,,,
Building 107,Client2,1000002,ON,Gas,197588.77,1.098172961,11.72077357,126.1654852,Yes,Spot Market,745005,88930.43,131203,42176.04,1363855.185,26154,66482.3,4.140641934,44.57095731,0.1,0.0355,0.1355,74500.5,26447.6775,88930.43,0.494263888,7.580131638,81.59452786,0.144,0.157530733,0.301530733,18893.232,20668.50476,42176.04,0.234409004,2.43,66482.3,0.369500069,1.564699321,162.447205,412.9335404,,,
Building 44,Client2,1000007,ON,Electric,194110.84,1.312446518,11.90912617,128.192962,Yes,Two Tiered,1091007,124553.95,64488,21646.07,670352.76,18148,47910.82,7.376653144,79.40423191,0.098,0.0355,0.1335,106918.686,38730.7485,124553.95,0.842149763,4.532473022,48.78873006,0.144,0.157530733,0.301530733,9286.272,10158.84191,21646.07,0.146356119,2.43,47910.82,0.323940636,1.32082379,128.7092199,339.7930496,,,
Building 46,Client2,1000001,ON,Gas,193564.97,1.199212998,12.0338747,129.5357879,Yes,Spot Market,715601,84970.83,118017,38044.71,1226786.715,28266,70549.43,4.43343659,47.72267589,0.1,0.0355,0.1355,71560.1,25403.8355,84970.83,0.526428536,7.600438108,81.81311203,0.144,0.157530733,0.301530733,16994.448,18591.30452,38044.71,0.235702311,2.43,70549.43,0.437082151,1.885029726,201.9,503.9245,,,
Building 52,Client2,1000033,ON,Gas,274361.9,1.422124256,12.09816682,130.2278452,Yes,Two Tiered,948446,107761.39,133293,44812.23,1385580.735,20382,121788.28,4.916163878,52.9188792,0.098,0.02824192,0.12624192,92947.708,26785.93606,107761.39,0.558569126,7.182002939,77.30896597,0.107,0.166423,0.273423,14262.351,22183.02094,44812.23,0.232279188,5.7447,121788.28,0.631275943,1.137220881,125.0429448,747.167362,,,
Building 38,Client2,1000011,ON,Gas,179920.53,0.973543261,12.13451575,130.6191146,Yes,Spot Market,696334,82922.65,148749,47565.33,1546245.855,18920,49432.55,3.767837238,40.55798965,0.1,0.0355,0.1355,69633.4,24719.857,82922.65,0.448691359,8.366678508,90.06112495,0.144,0.157530733,0.301530733,21419.856,23432.539,47565.33,0.257374222,2.43,49432.55,0.26747768,1.10199583,114.6666667,299.5912121,,,
Building 36,Client2,1000015,ON,Gas,31793.25,1.078614805,12.13899715,130.6673536,Yes,Two Tiered,111406,13882.21,23704,8350.58,246403.08,2660,9560.46,3.779549464,40.68406312,0.098,0.0355,0.1335,10917.788,3954.913,13882.21,0.470966549,8.359447686,89.98329049,0.144,0.160013372,0.304013372,3413.376,3792.95697,8350.58,0.283300991,2.43,9560.46,0.324347266,0.97139838,91.72413793,329.6710345,,,
Building 17,Client2,1000003,ON,Gas,170034.3,1.06412434,12.15876549,130.8801452,Yes,Spot Market,677587,80345.09,121716,39251.78,1265237.82,19273,50437.43,4.240537462,45.64625901,0.1,0.0355,0.1355,67758.7,24054.3385,80345.09,0.502823053,7.918228027,85.23388619,0.144,0.157530733,0.301530733,17527.104,19174.0107,39251.78,0.24564911,2.43,50437.43,0.315652177,1.298343017,139.6594203,365.4886232,,,
Building 19,Client2,1000034,ON,Gas,268464.89,1.391557764,12.34238436,132.8566669,Yes,Two Tiered,1002682,114381.97,132608,44705.07,1378460.16,18189,109377.85,5.197290125,55.94499596,0.098,0.02824192,0.12624192,98262.836,28317.66483,114381.97,0.592886162,7.145094234,76.91167098,0.107,0.166423,0.273423,14189.056,22069.02118,44705.07,0.231723736,5.7447,109377.85,0.566947865,1.014861672,111.5889571,671.0297546,,,
Building 55,Client2,1000060,ON,Gas,364586.7,1.597516004,12.58550618,135.473694,Yes,Two Tiered,1465220,169922.47,135359,45746.02,1407056.805,23295,148918.21,6.420180439,69.10850849,0.098,0.02824192,0.12624192,143591.56,41380.62602,169922.47,0.744552298,6.165325737,66.36518554,0.16,0.166423,0.326423,21657.44,22526.85086,45746.02,0.200446146,5.7447,148918.21,0.65251756,1.098731047,107.3502304,686.2590323,,,
Building 39,Client2,1000032,ON,Gas,290581.75,1.506198037,12.66286958,136.306454,Yes,Two Tiered,969896,110726.71,141710,47523.89,1473075.45,22245,132331.15,5.027347557,54.11568952,0.098,0.02824192,0.12624192,95049.808,27391.72524,110726.71,0.573939531,7.635522019,82.19076447,0.107,0.166423,0.273423,15162.97,23583.80333,47523.89,0.246334774,5.7447,132331.15,0.685923732,1.241167624,136.4723926,811.847546,,,
Building 108,Client2,1000022,ON,Gas,47501.15,1.055674949,12.67295493,136.4150154,Yes,Two Tiered,180794,22449.95,37464,12397.9,389438.28,3975,12653.3,4.0180016,43.25082454,0.098,0.0355,0.1335,17717.812,6418.187,22449.95,0.498932127,8.654953329,93.16419084,0.144,0.160013372,0.304013372,5394.816,5994.740969,12397.9,0.275533381,2.43,12653.3,0.281209441,0.950927727,137.0689655,436.3206897,,,
Building 28,Client2,1000054,ON,Gas,224810.51,1.083570361,12.75990664,137.3509864,Yes,Spot Market,1038905,120190.44,154730,49362.81,1608418.35,19583,55257.26,5.007446788,53.90147242,0.1,0.03031432,0.13031432,103890.5,31493.69862,120190.44,0.579309208,7.75245985,83.44951399,0.144,0.157530733,0.301530733,22281.12,24374.73032,49362.81,0.237925166,2.751,55257.26,0.266335988,1.016024116,107.5989011,303.6113187,,,
Building 5,Client2,1000012,ON,Gas,190027.71,1.173851091,12.77074399,137.4676425,Yes,Spot Market,748711,90152.91,126856,40844.59,1318668.12,23130,59030.21,4.624984557,49.78454851,0.1,0.0355,0.1355,74871.1,26579.2405,90152.91,0.556898211,8.145759433,87.683094,0.144,0.157530733,0.301530733,18267.264,19983.71867,40844.59,0.252307764,2.43,59030.21,0.364645116,1.537998783,165.2142857,421.6443571,,,
Building 58,Client2,1000050,ON,Gas,203347.48,0.946660832,12.77143803,137.4751133,Yes,Two Tiered,924961,114481.15,174931,55272.25,1818407.745,23509,33594.08,4.306049673,46.35144966,0.098,0.03406994,0.13206994,90646.178,31513.36577,114481.15,0.532953842,8.465388352,91.12366364,0.144,0.157530733,0.301530733,25190.064,27557.00865,55272.25,0.25731361,2.081619052,33594.08,0.15639338,1.178078027,143.347561,204.8419512,,,
Building 14,Client2,1000009,ON,Gas,199815.06,1.111683255,12.83344969,138.1426231,Yes,Spot Market,808736,95886.99,144104,46131.19,1497961.08,22536,57796.88,4.499451989,48.43328298,0.1,0.0355,0.1355,80873.6,28710.128,95886.99,0.533473109,8.333997697,89.70934012,0.144,0.157530733,0.301530733,20750.976,22700.80875,46131.19,0.256653685,2.43,57796.88,0.321556462,1.349627648,136.5818182,350.2841212,,,
Building 51,Client2,1000062,ON,Gas,110934.81,1.185986551,12.84363189,138.252227,Yes,Spot Market,448437,56357.65,72432,24202.73,752930.64,10279,30374.43,4.794169215,51.60569661,0.1,0.0355,0.1355,44843.7,15919.5135,56357.65,0.602510744,8.049462678,86.64653044,0.144,0.160013372,0.304013372,10430.208,11590.08856,24202.73,0.258747568,2.43,30374.43,0.324728239,1.182897387,125.3536585,370.419878,,,
Building 16,Client2,1000010,ON,Gas,207993.63,1.125445755,12.99152408,139.8441774,Yes,Spot Market,801724,95084.99,153847,49211,1599239.565,25090,63697.64,4.338098588,46.69643259,0.1,0.0355,0.1355,80172.4,28461.202,95084.99,0.514501326,8.653425491,93.14774479,0.144,0.157530733,0.301530733,22153.968,24235.63068,49211,0.266278881,2.43,63697.64,0.344665548,1.46136762,152.0606061,386.046303,,,
Building 56,Client2,1000024,ON,Gas,132497.49,1.231091837,13.14136956,141.4571535,Yes,Spot Market,558304,69728.74,82352,26794.76,856049.04,12563,35973.99,5.187445413,55.8390249,0.1,0.0355,0.1355,55830.4,19819.792,69728.74,0.647880066,7.953924145,85.61812858,0.144,0.157530733,0.301530733,11858.688,12972.97092,26794.76,0.248961775,2.43,35973.99,0.334249995,1.256494078,132.2421053,378.6735789,,,
Building 59,Client2,1000013,ON,Gas,198027.35,1.223266969,13.21824408,142.284651,Yes,Spot Market,714096,85843.1,137155,44056.36,1425726.225,26642,68127.89,4.411158607,47.48286983,0.1,0.0355,0.1355,71409.6,25350.408,85843.1,0.530275382,8.807085475,94.80178121,0.144,0.157530733,0.301530733,19750.32,21606.12768,44056.36,0.272147711,2.43,68127.89,0.420843876,1.771524582,190.3,486.6277857,,,
Building 29,Client2,1000043,ON,Electric,134911.65,1.365060406,13.30273267,143.1941084,Yes,Spot Market,719466,85657.17,57265,19179.39,595269.675,10408,30075.09,7.279686741,78.36046008,0.1,0.0355,0.1355,71946.6,25541.043,85657.17,0.866694694,6.023045926,64.83364829,0.144,0.157530733,0.301530733,8246.16,9020.997425,19179.39,0.194060527,2.43,30075.09,0.304305185,1.133584726,96.37037037,278.4730556,,,
Building 61,Client2,1000057,ON,Gas,239312.9,1.15347083,13.35509013,143.7576979,Yes,Spot Market,1043283,119302.82,166188,52387.29,1727524.26,24201,67622.79,5.028548431,54.12861605,0.1,0.03031432,0.13031432,104328.3,31626.41471,119302.82,0.575030944,8.326541702,89.62908183,0.144,0.157530733,0.301530733,23931.072,26179.71746,52387.29,0.25250294,2.751,67622.79,0.325936946,1.255619652,132.9725275,371.5537912,,,
Building 57,Client2,1000061,ON,Gas,393526.3,1.710983913,13.55041704,145.860248,Yes,Two Tiered,1175891,133560.47,186696,62722.09,1940704.92,33345,197243.74,5.112569565,55.03304161,0.098,0.02824192,0.12624192,115237.318,33209.41955,133560.47,0.580697696,8.437847478,90.82720644,0.16,0.166423,0.326423,29871.36,31070.50841,62722.09,0.272704739,5.7447,197243.74,0.857581478,1.560584078,153.6635945,908.9573272,,,
Building 43,Client2,1000029,ON,Gas,183813.92,0.977770023,13.67105283,147.1588034,Yes,Spot Market,992174,103881.89,151793,48442.62,1577888.235,13086,31489.41,5.277717787,56.81074045,0.1,0.0206937,0.1206937,99217.4,20531.7511,103881.89,0.55258382,8.393335044,90.34806291,0.144,0.157530733,0.301530733,21858.192,23912.06255,48442.62,0.257683105,3.964,31489.41,0.167503099,0.749289287,87.24,209.9294,,,
Building 13,Client2,1000059,ON,Gas,157162.63,1.214145454,13.70502217,147.5244583,Yes,Spot Market,586879,69924.91,114203,36768.07,1187140.185,17797,50469.65,4.533879777,48.80387274,0.1,0.03031432,0.13031432,58687.9,17790.83781,69924.91,0.540198466,9.171142395,98.72058552,0.144,0.157530733,0.301530733,16445.232,17990.4823,36768.07,0.284048346,2.751,50469.65,0.389898643,1.479968653,161.7909091,458.815,,,
Building 24,Client2,1000056,ON,Gas,103948.83,1.218883586,13.80038889,148.5510106,Yes,Spot Market,453360,54075.67,69607,22868.76,723564.765,9032,27004.4,5.316010413,57.22293232,0.1,0.03031432,0.13031432,45336,13743.30012,54075.67,0.634080697,8.484378474,91.3280783,0.144,0.157530733,0.301530733,10023.408,10965.24173,22868.76,0.268154593,2.751,27004.4,0.316648296,1.140015715,120.4266667,360.0586667,,,
Building 10,Client2,1000016,ON,Gas,31423.07,1.16433489,13.86145824,149.2083772,Yes,Two Tiered,84769,10705.69,27833,9848.25,289324.035,2497,10869.13,3.140988588,33.81042613,0.098,0.0355,0.1335,8307.362,3009.2995,10705.69,0.396683341,10.72046965,115.3979511,0.144,0.160013372,0.304013372,4007.952,4453.652183,9848.25,0.364912183,2.43,10869.13,0.402739366,0.995937596,75.66666667,329.3675758,,,
Building 62,Client2,1000051,ON,Gas,158107.81,1.213534812,14.13454312,152.1479346,Yes,Two Tiered,683170,85718.14,111436,35905.31,1158377.22,13432,36484.36,5.24357764,56.44324693,0.098,0.0355,0.1335,66950.66,24252.535,85718.14,0.657917828,8.890965484,95.70468766,0.144,0.157530733,0.301530733,16046.784,17554.59476,35905.31,0.275586283,2.43,36484.36,0.280030701,1.109746758,134.32,364.8436,,,
Building 9,Client2,1000014,ON,Gas,190776.34,1.178475575,14.4514166,155.5588439,Yes,Spot Market,699382,84454.13,157775,50104.94,1640071.125,21569,56217.27,4.320266364,46.50448185,0.1,0.0355,0.1355,69938.2,24828.061,84454.13,0.52169535,10.13115024,109.0543621,0.144,0.157530733,0.301530733,22719.6,24854.4114,50104.94,0.309511379,2.43,56217.27,0.347268847,1.434202151,154.0642857,401.5519286,,,
Building 50,Client2,1000058,ON,Gas,240609.74,1.28704788,14.61257584,157.2936043,Yes,Spot Market,992517,117373.26,167317,53204.78,1739260.215,25103,70031.7,5.309082253,57.14835579,0.1,0.03031432,0.13031432,99251.7,30087.47794,117373.26,0.627842437,9.303493584,100.1452485,0.144,0.157530733,0.301530733,24093.648,26357.56965,53204.78,0.284598202,2.751,70031.7,0.374607242,1.445411187,158.8797468,443.2386076,,,
Building 12,Client2,1000005,ON,Gas,166073.7,1.19477482,14.78562755,159.1563784,Yes,Spot Market,611607,74368.89,138874,44343.39,1443595.23,17789,47361.42,4.40005036,47.36329774,0.1,0.0355,0.1355,61160.7,21712.0485,74368.89,0.535027986,10.38557719,111.7930807,0.144,0.157530733,0.301530733,19997.856,21876.92301,44343.39,0.319017194,2.43,47361.42,0.34072964,1.377593297,138.9765625,370.0110938,,,
Building 54,Client2,1000028,ON,Gas,131124.88,0.84984335,14.99443024,161.4039854,Yes,Spot Market,853298,89811.35,140475,10448.83,1460237.625,12793,30864.7,5.530374029,59.53039859,0.1,0.0206937,0.1206937,85329.8,17657.89282,89811.35,0.582083115,9.464056211,101.8735868,0.144,0.157530733,0.301530733,20228.4,22129.12972,10448.83,0.0677207,3.964,30864.7,0.200039535,0.892504599,85.28666667,205.7646667,,,
Building 22,Client2,1000039,ON,Gas,705713.08,2.119627683,15.08792501,162.4103877,Yes,Two Tiered,2094779,239356.04,281734,93879.54,2928624.93,61895,372477.5,6.291723483,67.72576408,0.098,0.02824192,0.12624192,205288.342,59160.58094,239356.04,0.718912123,8.796201531,94.68462358,0.107,0.166423,0.273423,30145.538,46887.01748,93879.54,0.281969652,5.7447,372477.5,1.118745908,2.001111415,218.7102473,1316.174912,,,
Building 32,Client2,1000055,ON,Gas,97679.19,1.145367018,15.13996383,162.9705471,Yes,Spot Market,424213,50921.72,83401,23758.75,866953.395,7536,22998.72,4.974238409,53.54400871,0.1,0.03031432,0.13031432,42421.3,12859.72863,50921.72,0.597098098,10.16572542,109.4265384,0.144,0.157530733,0.301530733,12009.744,13138.22066,23758.75,0.278590441,2.751,22998.72,0.269678478,0.951191146,100.48,306.6496,,,
Building 60,Client2,1000019,ON,Gas,208929.74,1.207686358,15.21227159,163.7488869,Yes,Spot Market,843336,103225.25,172043,54521.5,1788386.985,19500,51182.99,4.874774566,52.47335378,0.1,0.0355,0.1355,84333.6,29938.428,103225.25,0.596677746,10.33749702,111.2755331,0.144,0.157530733,0.301530733,24774.192,27102.0599,54521.5,0.315153179,2.43,51182.99,0.295855434,1.213312842,126.6233766,332.3570779,,,
Building 102,Client2,1000017,ON,Gas,33892.22,1.327232926,15.73029253,169.3250003,Yes,Two Tiered,110109,13721.81,28050,9801.47,291579.75,2293,10368.94,4.311912594,46.41455968,0.098,0.0355,0.1335,10790.682,3908.8695,13721.81,0.537351582,11.41837993,122.9104406,0.144,0.160013372,0.304013372,4039.2,4488.375085,9801.47,0.383829496,2.43,10368.94,0.406051848,0.966574806,69.48484848,314.210303,,,
Building 34,Client2,1000036,ON,Gas,170486.36,1.530810452,15.94189162,171.6027085,Yes,Two Tiered,609275,71210.01,112186,37462.26,1166173.47,10157,61814.09,5.470728203,58.88835526,0.098,0.02824192,0.12624192,59708.95,17207.09581,71210.01,0.639400287,10.47116342,112.7143533,0.107,0.166423,0.273423,12003.902,18670.33068,37462.26,0.336376583,5.7447,61814.09,0.555033582,0.981706166,93.18348624,567.1017431,,,
Building 3,Client2,1000038,ON,Gas,330273.81,1.71239007,15.98738657,172.0924281,Yes,Two Tiered,1270668,148680.88,174398,58250.94,1812867.21,19445,123341.99,6.5881072,70.91611625,0.098,0.02824192,0.12624192,124525.464,35886.104,148680.88,0.770874513,9.39927937,101.1763118,0.107,0.166423,0.273423,18660.586,29023.83835,58250.94,0.302017079,5.7447,123341.99,0.639498478,1.085227519,114.3823529,725.5411176,,,
Building 15,Client2,1000052,ON,Gas,114969.01,1.303917457,16.00626117,172.2955993,Yes,Spot Market,494174,61235.59,88228,28683.47,917130.06,8493,25049.95,5.604659075,60.33002234,0.1,0.0355,0.1355,49417.4,17543.177,61235.59,0.694501542,10.4016021,111.9655769,0.144,0.157530733,0.301530733,12704.832,13898.62151,28683.47,0.325312684,2.43,25049.95,0.28410323,1.036847102,119.6197183,352.8161972,,,
Building 11,Client2,1000046,ON,Gas,118438.32,1.226704505,16.24511517,174.8666865,Yes,Two Tiered,507074,62438.67,102106,32858.75,1061391.87,12824,23140.9,5.251931642,56.5331716,0.098,0.03406994,0.13206994,49693.252,17275.98076,62438.67,0.646697773,10.99318353,118.3335149,0.144,0.157530733,0.301530733,14703.264,16084.83302,32858.75,0.340328845,2.081619052,23140.9,0.239677887,1.429734896,123.3076923,222.5086538,,,
Building 33,Client2,1000044,ON,Gas,68042.49,1.394999385,16.3721936,176.234592,Yes,Two Tiered,252448,33109.84,52537,17509.99,546122.115,5561,17422.66,5.175660161,55.71216535,0.098,0.0355,0.1335,24739.904,8961.904,33109.84,0.678814171,11.19653344,120.5224267,0.144,0.157530733,0.301530733,7565.328,8276.19212,17509.99,0.358987822,2.43,17422.66,0.357197392,1.22724423,126.3863636,395.9695455,,,
Building 1,Client2,1000035,ON,Gas,322797.88,2.152114994,16.95733297,182.5331859,Yes,Two Tiered,840185,97895.69,163854,54864.83,1703262.33,29077,170037.36,5.601569427,60.29676456,0.098,0.02824192,0.12624192,82338.13,23728.43756,97895.69,0.652677094,11.35576355,122.2364214,0.107,0.166423,0.273423,17532.378,27269.07424,54864.83,0.365787481,5.7447,170037.36,1.133650419,2.086741638,209.1870504,1223.29036,,,
Building 7,Client2,1000018,ON,Gas,35483.72,1.307673484,17.26238953,185.8168949,Yes,Two Tiered,98644,12342.69,35572,12227.95,369770.94,2521,10913.08,3.635304957,39.13137736,0.098,0.0355,0.1335,9667.112,3501.862,12342.69,0.454862355,13.62708458,146.6855175,0.144,0.160013372,0.304013372,5122.368,5691.995669,12227.95,0.450633868,2.43,10913.08,0.402177262,1.000062876,76.39393939,330.6993939,,,
Building 2,Client2,1000037,ON,Gas,211927.65,1.902915058,19.94919996,214.738428,Yes,Two Tiered,713220,83505.96,145120,48460.34,1508522.4,13140,79961.35,6.404058544,68.93496818,0.098,0.02824192,0.12624192,69895.56,20142.70218,83505.96,0.749806591,13.54514142,145.8034599,0.107,0.166423,0.273423,15527.84,24151.30576,48460.34,0.435129209,5.7447,79961.35,0.717979258,1.270022548,93.19148936,567.101773,,,
Building 53,Client2,1000045,ON,Gas,192102.46,1.600347057,26.5181368,285.4481894,Yes,Two Tiered,782989,95780.04,230899,73153.73,2400195.105,12862,23168.69,6.522842766,70.21359275,0.098,0.03406994,0.13206994,76732.922,26676.38825,95780.04,0.797914327,19.99529403,215.2345967,0.144,0.157530733,0.301530733,33249.456,36373.68872,73153.73,0.609421433,2.081619052,23168.69,0.193011296,1.153384313,92.5323741,166.681223,,,
Building 6,Client2,1000067,ON,Gas,,,,,Yes,Two Tiered,,,,,,,,,,0.098,0.0206937,0.1186937,,,,,,,0.177093,0.160013372,0.337106372,,,,,3.964,,,,,,,,
Building 21,Client2,1000068,ON,Gas,,,,,,Spot Market,,,62438,,649043.01,,,,,0.1,0.0355,0.1355,,,,,,,0.177093,0.160013372,0.337106372,11057.33273,9990.914921,23784.51985,,2.43,,,,,,,,
Building 8,Client2,1000069,ON,Gas,,,,,,Spot Market,,,23958,,249043.41,,,,,0.1,0.0355,0.1355,,,,,,,0.144,,,3449.952,,,,2.43,,,,,,,,
Building 27,Client2,1000070,ON,Gas,,,,,,Spot Market,,,,,,,,,,0.1,0.02490378,0.12490378,,,,,,,,,,,,,,4.07,,,,,,,,
Building 40,Client2,1000071,ON,,,,,,,Spot Market,,,,,,,,,,0.1,0.0355,0.1355,,,,,,,,,,,,,,2.43,,,,,,,,
Building 47,Client2,1000066,ON,Gas,,,,,Yes,Two Tiered,,,3467,,36039.465,,,,,0.098,0.0206937,0.1186937,,,,,0.233035881,2.508459425,0.177093,0.160013372,0.337106372,613.981431,554.7663607,1320.685005,0.008539721,3.964,,,,,,,,
Building 20,Client3,5000014,ON,Gas,,,,,,Spot Market,,,,,,,,,,0.1,0.033466,0.133466,,,,,,,0.1621,0.158788257,0.320888257,,,,,4.4827,,,,,,,,
Building 4,Client3,5000030,ON,Gas,799075.1609,2.406244086,24.60859328,264.8933614,Yes,Spot Market,2386866,,556542,173825.6287,5785254.09,104247,,7.187536888,77.36853486,0.1,0.03061042,0.13061042,238686.6,73062.97074,299279.5879,0.901216523,17.42105639,187.5248266,0.1621,0.158788257,0.320888257,90215.4582,88372.33413,173825.6287,0.523438734,3.1269,325969.9443,0.981588828,3.379091098,307.5132743,961.5632575,,,
Building 41,Client3,5000004,ON,Gas,345283.8817,2.026968104,25.47910168,274.2637425,Yes,Rate Switch,1081561,,313485,99123.1593,3258676.575,25621,,6.34923831,68.34486879,0.093,0.033466,0.126466,100585.173,36195.52043,131309.4657,0.770844261,19.12986337,205.9188737,0.1621,0.158788257,0.320888257,50815.9185,49777.73675,99123.1593,0.5818965,4.4827,114851.2567,0.674227343,1.619015371,187.0145985,838.3303409,,,
Building 30,Client3,5000006,ON,Gas,733301.4296,2.066429476,24.38577817,262.4949211,Yes,Rate Switch,2070658,,633283,199032.0076,6582976.785,63104,,5.835074846,62.81027821,0.093,0.033466,0.126466,192571.194,69296.64063,251393.1212,0.708421032,18.55070333,199.6846429,0.1621,0.158788257,0.320888257,102655.1743,100557.9038,199032.0076,0.56086841,4.4827,282876.3008,0.797140033,1.914164384,192.3902439,862.4277463,,,
Building 65,Client3,5000026,ON,Gas,335680.5071,2.04103284,23.60557766,254.0966379,Yes,Rate Switch,1108378,,266853,84798.1606,2773936.935,25948,,6.739253098,72.5430904,0.093,0.033466,0.126466,103079.154,37092.97815,134565.2469,0.818194927,16.86632456,181.5535475,0.1621,0.158788257,0.320888257,43256.8713,42373.12275,84798.1606,0.515596905,4.4827,116317.0996,0.707241008,1.698290754,210.9593496,945.6674764,,,
Building 42,Client3,5000005,ON,Gas,343828.1819,2.034438131,23.39069386,251.7835722,Yes,TOU,892469,,294435,129228.9922,3060651.825,21408,,5.280756668,56.84345176,0.105,0.033466,0.138466,93709.245,29867.36755,118633.5481,0.701957043,18.10993719,194.9401205,0.1621,0.158788257,0.320888257,47727.9135,46752.82045,129228.9922,0.764650495,4.4827,95965.6416,0.567830593,1.363525921,198.2222222,888.5707556,,,
Building 26,Client3,5000020,ON,Gas,854475.9855,1.946303708,22.99473568,247.5213743,Yes,Rate Switch,1910719,,787354,246433.4849,8184544.83,83893,,4.352187233,46.84808647,0.093,0.033466,0.126466,177696.867,63944.12205,231975.3495,0.528387562,18.64254844,200.6732879,0.1621,0.158788257,0.320888257,127630.0834,125022.5693,246433.4849,0.561319936,4.4827,376067.1511,0.85659621,2.056935906,243.875,1093.218463,,,
Building 23,Client3,5000021,ON,Gas,890069.0937,1.96491485,22.72387497,244.6057586,Yes,Rate Switch,2450269,,754518,234469.9828,7843214.61,79889,,5.409209216,58.22614872,0.093,0.033466,0.126466,227875.017,82000.70235,297480.6906,0.656717811,17.31466576,186.3796099,0.1621,0.158788257,0.320888257,122307.3678,119808.5981,234469.9828,0.517615491,4.4827,358118.4203,0.790581548,1.89841556,244.3088685,1095.163365,,,
Building 63,Client3,5000027,ON,Gas,249914.8235,2.216165999,22.50204214,242.2178917,Yes,Rate Switch,599884,,186402,,1937648.79,24426,,5.319582509,57.26138331,0.093,0.033466,0.126466,55789.212,20075.71794,72830.33275,0.645836469,17.18245963,184.9565084,0.1621,0.158788257,0.320888257,30215.7642,29598.44868,67590.06056,0.599367384,4.4827,109494.4302,0.970962146,2.331561683,257.1157895,1152.572949,,,
Building 25,Client3,5000018,ON,Gas,787401.1627,2.412817153,22.23534162,239.3470573,Yes,Rate Switch,2069656,,498956,155974.3181,5186647.62,84805,,6.342004223,68.26699917,0.093,0.033466,0.126466,192478.008,69263.1077,251271.4711,0.76996599,15.8933374,171.0800581,0.1621,0.158788257,0.320888257,80880.7676,79228.35356,155974.3181,0.477948888,4.4827,380155.3735,1.164902276,2.797268176,376.9111111,1689.579438,,,
Building 31,Client3,5000023,ON,Gas,53537.08992,1.681441266,22.21753172,239.1553468,Yes,TOU,44226,,63798,,663180.21,5471,,1.389007538,14.95164196,0.105,0.033466,0.138466,4643.73,1480.067316,5878.845423,0.184637105,20.82852418,224.2037049,0.1621,0.158788257,0.320888257,10341.6558,10130.37322,23133.39279,0.726551281,4.4827,24524.8517,0.77025288,1.849600532,210.4230769,943.2635269,,,
Building 48,Client3,5000025,ON,Gas,380126.8131,2.103797821,21.31153872,229.4030002,Yes,Rate Switch,1030502,,271303,86350.2156,2820194.685,37626,,5.703275295,61.39155323,0.093,0.033466,0.126466,95836.686,34486.77993,125110.5273,0.692419597,15.60826342,168.011447,0.1621,0.158788257,0.320888257,43978.2163,43079.73049,86350.2156,0.477902082,4.4827,168666.0702,0.933476142,2.241546918,268.7571429,1204.757644,,,
Building 49,Client3,5000013,ON,Gas,222524.7717,1.653635525,20.41586152,219.7616956,Yes,Rate Switch,596030,,206952.5,64614.4961,2151271.238,19084,,4.429243425,47.67753956,0.093,0.033466,0.126466,55430.79,19946.73998,72362.42878,0.537742751,15.9866181,172.0841561,0.1621,0.158788257,0.320888257,33547.00025,32861.62676,64614.4961,0.480165985,4.4827,85547.8468,0.635726789,1.526564376,198.7916667,891.1234042,,,
Building 64,Client3,5000009,ON,Gas,240210.7899,1.756607384,20.17987406,217.2214645,Yes,Rate Switch,608266,,206952.5,64614.4961,2151271.238,22698,,4.448112207,47.88064809,0.093,0.033466,0.126466,56568.738,20356.22996,73847.96924,0.54003356,15.73176185,169.3408165,0.1621,0.158788257,0.320888257,33547.00025,32861.62676,64614.4961,0.472511251,4.4827,101748.3246,0.744062572,1.786710009,236.4375,1059.878381,,,
Building 66,Client3,5000024,ON,Gas,58644.56114,1.126566796,19.77277624,212.8393567,Yes,Two Tiered,51829,,94032,,977462.64,4017,,0.995639312,10.71732305,0.098,0.033466,0.131466,5079.242,1734.509314,6541.201261,0.125657009,18.77713693,202.1220337,0.1621,0.158788257,0.320888257,15242.5872,14931.17738,34096.35398,0.654993737,4.4827,18007.0059,0.34591605,0.830644749,83.6875,375.1459563,,,3442972.67
Building 67,Client3,5000029,ON,Gas,247962.3557,1.872558739,19.66205344,211.6475075,Yes,Rate Switch,516012,,200829,,2087617.455,25095,,3.896812391,41.94631207,0.093,0.033466,0.126466,47989.116,17268.85759,62647.65465,0.473101705,15.76524105,169.7011954,0.1621,0.158788257,0.320888257,32554.3809,31889.28687,72821.34457,0.549931238,4.4827,112493.3565,0.849525797,2.039957794,234.5327103,1051.33978,,,
Building 68,Client3,5000022,ON,Gas,287628.0392,1.531663574,19.64562634,211.4706819,Yes,Rate Switch,799985,,277944,88742.1996,2889227.88,22701,,4.26004324,45.85622433,0.093,0.033466,0.126466,74398.605,26772.29801,97124.06689,0.517200603,15.3855831,165.6144575,0.1621,0.158788257,0.320888257,45054.7224,44134.2433,88742.1996,0.47256587,4.4827,101761.7727,0.5418971,1.301252084,161,721.7147,,,
Building 69,Client3,5000019,ON,Gas,742961.8916,2.277263868,19.5320585,210.2482078,Yes,Rate Switch,1919467,,428370,134251.797,4452906.15,83805,,5.883387688,63.33033033,0.093,0.033466,0.126466,178510.431,64236.88262,233037.4211,0.714286567,13.64867081,146.9178774,0.1621,0.158788257,0.320888257,69438.777,68020.12565,134251.797,0.411497238,4.4827,375672.6735,1.151480063,2.765037551,377.5,1692.21925,,,
Building 70,Client3,5000028,ON,Gas,401599.6779,1.576025547,18.96537678,204.1482969,Yes,Rate Switch,1264698,,343244,109177.5038,3568021.38,30981,,4.963142321,53.4245675,0.093,0.033466,0.126466,117616.914,42324.38327,153543.6454,0.602562007,14.00223446,150.7237294,0.1621,0.158788257,0.320888257,55639.8524,54503.11649,109177.5038,0.428452871,4.4827,138878.5287,0.545010669,1.308728666,190.0674847,852.0155135,,,
Building 71,Client3,5000017,ON,Gas,427219.5758,2.009972128,18.73424794,201.6603654,Yes,Rate Switch,1070117,,280120,89122.9079,2911847.4,46440,,5.03466008,54.19440344,0.093,0.033466,0.126466,99520.881,35812.53552,129920.0799,0.611244789,13.69958786,147.4659619,0.1621,0.158788257,0.320888257,45407.452,44479.76655,89122.9079,0.41930326,4.4827,208176.588,0.979424079,2.351881239,241.875,1084.253063,,,
Building 106,Client3,5000011,ON,Gas,396572.4009,1.801529094,18.55718506,199.754414,Yes,Rate Switch,1066522,,290379,91649.3506,3018489.705,39137,,4.84494233,52.15223175,0.093,0.033466,0.126466,99186.546,35692.22525,129483.6204,0.588211658,13.71224273,147.6021823,0.1621,0.158788257,0.320888257,47070.4359,46108.77528,91649.3506,0.416340046,4.4827,175439.4299,0.79697739,1.913773831,277.5673759,1244.251276,,,
Building 107,Client3,5000002,ON,Gas,493277.87,1.792362478,18.49517345,199.0869047,Yes,Rate Switch,1509164,,344484,105759.6832,3580911.18,45574,,5.483661627,59.02757402,0.093,0.033466,0.126466,140352.252,50505.68242,183223.617,0.665756881,13.01151182,140.0593307,0.1621,0.158788257,0.320888257,55840.8564,54700.01392,105759.6832,0.384285814,4.4827,204294.5698,0.742319783,1.782525066,245.0215054,1098.357902,,,
Building 108,Client3,5000001,ON,Gas,353880.7622,1.796421998,18.4363864,198.4541055,Yes,Rate Switch,935420,,259394,83208.7026,2696400.63,35047,,4.748517706,51.11429178,0.093,0.033466,0.126466,86994.06,31304.76572,113566.8727,0.576504999,13.6878687,147.3398137,0.1621,0.158788257,0.320888257,42047.7674,41188.72114,83208.7026,0.422396354,4.4827,157105.1869,0.797520645,1.915078343,209.8622754,940.7496222,,,
Building 109,Client3,5000012,ON,Gas,275913.9967,1.813887114,18.40718625,198.1397874,Yes,Rate Switch,717035,,200377,64528.5031,2082918.915,27736,,4.713862154,50.74125031,0.093,0.033466,0.126466,66684.255,23996.29331,87053.32638,0.57229756,13.6933241,147.3985371,0.1621,0.158788257,0.320888257,32481.1117,31817.51457,64528.5031,0.424217045,4.4827,124332.1672,0.81737251,1.962748428,205.4518519,920.9790163,,,
Building 110,Client3,5000007,ON,Gas,353234.1354,1.924184727,18.32872143,197.2951715,Yes,Rate Switch,925142,,234687,75055.1876,2439571.365,37000,,5.039558548,54.24713184,0.093,0.033466,0.126466,86038.206,30960.80217,112319.0478,0.611839499,13.28916288,143.0480396,0.1621,0.158788257,0.320888257,38042.7627,37265.53967,75055.1876,0.408850763,4.4827,165859.9,0.903494466,2.169552218,221.5568862,993.1730539,,,
Building 111,Client3,5000008,ON,Gas,383109.9075,1.820224386,18.04335094,194.2233685,Yes,Rate Switch,957420,,273231,87564.0729,2840236.245,40000,,4.548875396,48.96528951,0.093,0.033466,0.126466,89040.06,32041.01772,116237.8346,0.552266953,13.49447554,145.258079,0.1621,0.158788257,0.320888257,44290.7451,43385.87425,87564.0729,0.41603273,4.4827,179308,0.851924703,2.045718264,225.9887006,1013.039548,,,
Building 112,Client3,5000003,ON,Gas,471809.6494,1.727171273,17.98610816,193.6071923,Yes,Rate Switch,1332336,,344484,105759.6832,3580911.18,45574,,4.877332347,52.50088641,0.093,0.033466,0.126466,123907.248,44587.95658,161755.3964,0.592144044,13.10877581,141.1063058,0.1621,0.158788257,0.320888257,55840.8564,54700.01392,105759.6832,0.387158437,4.4827,204294.5698,0.747868791,1.795849844,247.6847826,1110.296575,,,
Building 113,Client3,5000015,ON,Gas,598737.3207,1.701494848,16.41329956,176.6770674,Yes,Rate Switch,1751069,,387166,121571.2195,4024590.57,59021,,4.976197039,53.56509192,0.093,0.033466,0.126466,162849.417,58601.27515,212592.6645,0.604146945,11.43710252,123.1119755,0.1621,0.158788257,0.320888257,62759.6086,61477.41431,121571.2195,0.345481727,4.4827,264573.4367,0.751866176,1.805448723,252.2264957,1130.655712,,,
Building 114,Client3,5000016,ON,Gas,92190.72865,1.300861147,15.01231575,161.5965097,Yes,Two Tiered,95520,,93159,,968387.805,10341,,1.34783897,14.50849269,0.098,0.033466,0.131466,9360.96,3196.67232,12055.32703,0.170107198,13.66447678,147.088017,0.1621,0.158788257,0.320888257,15101.0739,14792.55523,33779.80092,0.476651299,4.4827,46355.6007,0.65410265,1.570690147,188.0181818,842.8291036,,,
Building 115,Client3,5000010,ON,Gas,479770.6495,1.710717238,12.4239153,133.7342874,Yes,Rate Switch,984591,,240471,77357.7547,2499696.045,63104,,3.510754145,37.79067971,0.093,0.033466,0.126466,91566.963,32950.32241,119536.594,0.426231392,8.913161152,95.94360766,0.1621,0.158788257,0.320888257,38980.3491,38183.97095,77357.7547,0.27583439,4.4827,282876.3008,1.008651456,2.422064647,478.0606061,2143.002279,,,
Building 116,Client5,14000001,ON,,55814.38378,1.898448428,11.96054286,128.7464247,Yes,Two Tiered,39291,,30048,32691.67,312348.96,4052,,1.336428571,14.38566815,0.098,0.033466,0.131466,3850.518,1314.912606,4958.813382,0.168667122,10.62411429,114.3607566,0.177093,,,5321.290464,,32691.67,1.111961565,4.4827,18163.9004,0.617819741,1.483564362,101.3,454.09751,,,
Building 117,Client5,14000002,ON,,52257.22604,3.073954473,15.38658618,165.6252549,Yes,Two Tiered,43620,,20967,23755.81,217951.965,5130,,2.565882353,27.61983157,0.098,0.033466,0.131466,4274.76,1459.78692,5505.165043,0.323833238,12.82070382,138.0054233,0.177093,,,3713.108931,,23755.81,1.397400588,4.4827,22996.251,1.352720647,3.248274552,165.483871,741.8145484,,,
Building 118,Client5,14000003,ON,,,,,,,,,,,,,,,,,,0.033466,,,,,,,,0.177093,,,,,,,4.4827,,,,,,,,
Building 119,Client5,14000004,ON,,,,,,,,,,,,,,,,,,0.033466,,,,,,,,0.177093,,,,,,,4.4827,,,,,,,,308964.08
Building 120,Client5,14000005,ON,,167594.3329,0.971792327,15.05297769,162.0342055,Yes,Two Tiered,337978,,217224,81247.4,2258043.48,9746.72,,1.959758551,21.09535577,0.098,0.033466,0.131466,33121.844,11310.77175,42655.31112,0.247335953,13.09321914,140.9388498,0.177093,,,38468.84983,,81247.4,0.471111395,4.4827,43691.62174,0.253344979,0.608354763,116.032381,520.1383541,,,
Building 121,Client5,14000006,ON,,,,,,,,,,,,,,,,,,0.033466,,,,,,,,0.177093,,,,,,,4.4827,,,,,,,,
Building 122,Client5,14000007,ON,,110118.6669,1.085255123,13.74146948,147.9167866,Yes,TOU,295412,,105715,43526.48,1098907.425,6095.4,,2.911380928,31.33886898,0.105,0.033466,0.138466,31018.26,9886.257992,39268.33727,0.387002181,10.83008855,116.5779177,0.155,0.158788257,0.313788257,16385.825,16786.30059,43526.48,0.428967556,4.4827,27323.84958,0.269285386,0.646632303,126.9875,569.2468663,,,
Building 123,Client5,14000008,ON,,213327.7961,1.910940082,22.15852694,238.5202039,Yes,TOU,458191,,193889,72278.8,2015476.155,17878.26,,4.10436691,44.18048342,0.105,0.033466,0.138466,48110.055,15333.82001,60906.12001,0.545582658,18.05416003,194.3397205,0.177093,,,34336.38468,,72278.8,0.647456443,4.4827,80142.8761,0.717900982,1.723888443,198.6473333,890.4764011,,,
Building 124,Client5,14000009,ON,,,,,,,,,,,,,,,,,,0.033466,,,,,,,,0.177093,,,,,,,4.4827,,,,,,,,
Building 125,Client5,14000010,ON,,354094.0115,2.509934373,24.75773035,266.4987121,Yes,TOU,693009,,269335,100269.09,2799737.325,36073.14,,4.912274857,52.87701676,0.105,0.033466,0.138466,72765.945,23192.23919,92119.85683,0.652975728,19.8454555,213.6216953,0.177093,,,47697.34316,,100269.09,0.710740163,4.4827,161705.0647,1.146218481,2.752402968,286.2947619,1283.373529,,,
Building 126,Client5,14000011,ON,,,,,,,,,,,,,,,,,,0.033466,,,,,,,,0.177093,,,,,,,4.4827,,,,,,,,
Building 127,Client5,14000012,ON,,81056.52536,1.673062363,10.7786953,116.0247072,Yes,Two Tiered,99400,,40674,44514.76,422806.23,5353.192,,2.05168428,22.08486846,0.098,0.033466,0.131466,9741.2,3326.5204,12545.01158,0.258937657,8.727011022,93.93983877,0.177093,,,7203.080682,,44514.76,0.918815225,4.4827,23996.75378,0.495309482,1.189381702,87.7572459,393.3894062,,,
Building 128,Client4,4000016,ON,Gas,666377.5335,1.915131119,29.01605769,312.3364659,Yes,Rate Switch,2125117,,766824.0824,208928.4004,7971136.336,44492,,6.107465355,65.74236119,0.093,0.033466,0.126466,197635.881,71119.16552,258004.8447,0.741491245,22.90859233,246.5941048,0.177093,0.158788257,0.335881257,135799.1772,121762.6595,208928.4004,0.600448336,4.4827,199444.2884,0.573191538,1.376399104,113.7902813,510.0876941,,,
Building 129,Client4,4000020,ON,Gas,252410.7435,2.143160633,27.90012622,300.3242865,Yes,TOU,684204,,250287,69462.86,2601733.365,20523,,5.80941626,62.53408245,0.105,0.033466,0.138466,71841.42,22897.57106,90949.43142,0.772230367,22.09070996,237.790204,0.177093,0.158788257,0.335881257,44324.07569,39742.63648,69462.86,0.58979291,4.4827,91998.4521,0.781137356,1.875737315,180.0263158,807.0039658,,,
Building 130,Client4,4000019,ON,Gas,135706.7453,2.285086976,27.79310955,299.172331,Yes,Spot Market,360329,,124122,,1290248.19,9465,,6.067370513,65.31076978,0.1,0.033466,0.133466,36032.9,12058.77031,46168.0035,0.777396166,21.72573904,233.8615612,0.177093,0.158788257,0.335881257,21981.13735,19709.11604,47109.98632,0.793257667,4.4827,42428.7555,0.714433143,1.715561157,166.0526316,744.3641316,,,
Building 131,Client4,4000018,ON,Gas,197049.1018,1.549639833,27.68898366,298.0514925,Yes,Rate Switch,607865,,280231.9176,76351.80956,2913010.784,10462,,4.780391324,51.45738777,0.093,0.033466,0.126466,56531.445,20342.81009,73799.28489,0.58037469,22.90859233,246.5941048,0.177093,0.158788257,0.335881257,49627.11099,44497.53776,76351.80956,0.600448336,4.4827,46898.0074,0.368816806,0.885636105,97.77570093,438.2991346,,,
Building 132,Client4,4000014,ON,Gas,53337.33425,1.936722377,25.38095025,273.2072148,Yes,TOU,133441,,54406,,565550.37,3335,,4.845352215,52.15664386,0.105,0.033466,0.138466,14011.305,4465.736506,17737.95985,0.644079878,20.53559804,221.0505709,0.177093,0.158788257,0.335881257,9634.921758,8639.03391,20649.56991,0.749802829,4.4827,14949.8045,0.54283967,1.303515466,101.0606061,453.0243788,,,
Building 133,Client4,4000012,ON,Gas,87829.7843,1.954987853,24.90828218,268.1192914,Yes,Two Tiered,84280,,99543,,1034749.485,8792,,1.875973824,20.19347496,0.098,0.033466,0.131466,8259.44,2820.51448,10636.7563,0.236761704,23.03230835,247.9258165,0.177093,0.158788257,0.335881257,17628.3685,15806.25947,37781.1296,0.840963576,4.4827,39411.8984,0.877262574,2.106561839,172.3921569,772.7823216,,,951173.92
Building 134,Client4,4000002,ON,Gas,811517.0065,1.800310597,24.80198339,266.9750635,Yes,Rate Switch,2075187,,875871,238079.27,9104679.045,71719,,4.603700376,49.55544,0.093,0.033466,0.126466,192992.391,69448.20814,251942.9752,0.558923109,20.19828302,217.4196235,0.177093,0.158788257,0.335881257,155110.623,139078.0294,238079.27,0.52816716,4.4827,321494.7613,0.713220328,1.712648837,207.2803468,929.1756107,,,
Building 135,Client4,4000013,ON,Gas,91752.27802,1.90377172,23.94401006,257.7396132,Yes,Two Tiered,99440,,101447,,1054541.565,9079,,2.063284573,22.20973706,0.098,0.033466,0.131466,9745.12,3327.85904,12550.05988,0.260401699,21.88072549,235.5298761,0.177093,0.158788257,0.335881257,17965.55357,16108.59231,38503.78484,0.798916586,4.4827,40698.4333,0.844453435,2.027777582,174.5961538,782.6621788,,,
Building 136,Client4,4000010,ON,Gas,300277.4971,1.773054968,23.85728483,256.80608,Yes,Spot Market,811126,,310654,86600.12,3229248.33,24483,,4.789473063,51.55514599,0.1,0.033466,0.133466,81112.6,27145.14272,103927.433,0.613662539,19.06781177,205.250934,0.177093,0.158788257,0.335881257,55014.64882,49328.20719,86600.12,0.511349583,4.4827,109749.9441,0.648042845,1.556138799,140.7068966,630.7468052,,,
Building 137,Client4,4000015,ON,Gas,70296.15779,1.803297876,21.99474937,236.7572591,Yes,TOU,181558,,65016,,675841.32,4793,,4.657482941,50.13436965,0.105,0.033466,0.138466,19063.59,6076.020028,24134.02563,0.619106912,17.33726643,186.6228895,0.177093,0.158788257,0.335881257,11513.87849,10323.77732,24676.55106,0.633024243,4.4827,21485.5811,0.551166721,1.32351113,126.1315789,565.4100289,,,
Building 138,Client4,4000008,ON,Gas,386555.4597,1.80535532,21.3842817,230.1860247,Yes,Rate Switch,1027078,,341668,94853.16,3551638.86,37256,,4.796829756,51.63433537,0.093,0.033466,0.126466,95518.254,34372.19235,124694.8285,0.582370437,16.58745194,178.5516894,0.177093,0.158788257,0.335881257,60507.01112,54252.86619,94853.16,0.442998935,4.4827,167007.4712,0.779985948,1.872972451,227.1707317,1018.338239,,,
Building 139,Client4,4000022,ON,Gas,265223.9692,1.677624019,21.32194842,229.5150529,Yes,Rate Switch,691551,,257753,71707.4,2679342.435,24440,,4.374274961,47.08584458,0.093,0.033466,0.126466,64314.243,23143.44577,83959.38122,0.531069175,16.94767346,182.4292084,0.177093,0.158788257,0.335881257,45646.25203,40928.14961,71707.4,0.453571587,4.4827,109557.188,0.692983257,1.66405376,188,842.7476,,,
Building 140,Client4,4000007,ON,Gas,378048.0059,1.750027802,20.95247192,225.5379109,Yes,Rate Switch,1017706,,337521,93848.97,3508530.795,35836,,4.711078399,50.71128524,0.093,0.033466,0.126466,94646.658,34058.549,123556.9987,0.571959591,16.24139353,174.8266257,0.177093,0.158788257,0.335881257,59772.60645,53594.37129,93848.97,0.434437701,4.4827,160642.0372,0.74363051,1.785672501,218.5121951,979.5246171,,,
Building 141,Client4,4000009,ON,Gas,372952.3847,1.698759177,20.6841251,222.6493552,Yes,Rate Switch,1055341,,335328,92414.42,3485734.56,34000,,4.806968079,51.74346695,0.093,0.033466,0.126466,98146.713,35318.04191,128126.1647,0.583601304,15.87715702,170.9058882,0.177093,0.158788257,0.335881257,59384.2415,53246.14864,92414.42,0.420938035,4.4827,152411.8,0.694219837,1.667023148,180.8510638,810.7010638,,,
Building 142,Client4,4000005,ON,Gas,391401.8142,1.577736898,20.17409329,217.1592389,Yes,Rate Switch,1366322,,350017,95974.72,3638426.715,28899,,5.507630665,59.28558304,0.093,0.033466,0.126466,127067.946,45725.33205,165881.5469,0.668666899,14.66646262,157.8736558,0.177093,0.158788257,0.335881257,61985.56058,55578.58935,95974.72,0.386873161,4.4827,129545.5473,0.522196838,1.253946042,100.6933798,451.3782136,,,
Building 143,Client4,4000006,ON,Gas,395746.5511,1.52821498,19.61725253,211.1652587,Yes,TOU,1441657,,350017,95974.72,3638426.715,24123,,5.567103027,59.92575918,0.105,0.033466,0.138466,151373.985,48246.49316,191635.659,0.740020308,14.0501495,151.2394995,0.177093,0.158788257,0.335881257,61985.56058,55578.58935,95974.72,0.370616002,4.4827,108136.1721,0.417578669,1.002727479,82.89690722,371.601966,,,
Building 144,Client4,4000001,ON,Gas,483436.2924,1.478285429,18.98889767,204.4014819,Yes,Rate Switch,1771304,,426988,115975.15,4438540.26,34000,,5.416417705,58.30374279,0.093,0.033466,0.126466,164731.272,59278.45966,215049.3424,0.657592974,13.57247996,146.0977391,0.177093,0.158788257,0.335881257,75616.58588,67800.68028,115975.15,0.354636954,4.4827,152411.8,0.4660555,1.119134409,156.6820276,702.3585253,,,
Building 145,Client4,4000011,ON,Gas,456186.427,1.222521726,18.79746607,202.3408619,Yes,Spot Market,747915,,602828,165472.67,6266397.06,43475,,2.004317276,21.57499758,0.1,0.033466,0.133466,74791.5,25029.72339,95828.37445,0.256807881,16.7931488,180.7658643,0.177093,0.158788257,0.335881257,106756.619,95722.00739,165472.67,0.443445754,4.4827,194885.3825,0.52226809,1.254117139,142.5409836,638.9684672,,,
Building 146,Client4,4000021,ON,Gas,561543.1875,1.494022209,17.56781568,189.1045821,Yes,TOU,1736516,,468160,128991.2,4866523.2,45000,,4.620113872,49.73211918,0.105,0.033466,0.138466,182334.18,58114.24446,230830.4875,0.61413954,12.9477018,139.3724629,0.177093,0.158788257,0.335881257,82907.85888,74338.3104,128991.2,0.343189485,4.4827,201721.5,0.536693184,1.288755971,147.0588235,659.2205882,,,
Building 147,Client4,4000004,ON,Gas,273686.4972,1.21097005,17.43874665,187.7152492,Yes,Rate Switch,748697,,307125,84259.425,3192564.375,21980,,3.312730635,35.65910264,0.093,0.033466,0.126466,69628.821,25055.8938,90897.32621,0.402189881,14.12601601,152.0561465,0.177093,0.158788257,0.335881257,54389.68763,48767.84343,84259.425,0.372819416,4.4827,98529.746,0.435960753,1.046868194,159.2753623,713.9836667,,,
Building 148,Client4,4000003,ON,Gas,290193.373,1.284007385,17.28213134,186.0294008,Yes,Rate Switch,713301,,307125,84259.425,3192564.375,26621,,3.156115324,33.9732543,0.093,0.033466,0.126466,66336.993,23871.33127,86599.9913,0.383175629,14.12601601,152.0561465,0.177093,0.158788257,0.335881257,54389.68763,48767.84343,84259.425,0.372819416,4.4827,119333.9567,0.528012339,1.267910746,192.9057971,864.7388167,,,
Building 149,Client6,7000001,ON,,674570.653,2.152770554,19.69298244,211.9804353,Yes,Two Tiered,2529749.6,,350269.0185,134122.4,3641046.448,49339.736,,8.073239509,86.90247049,0.098,0.033466,0.131466,247915.4608,84660.60011,319273.0185,1.018902245,11.61974293,125.0779648,0.135,0,0.135,47286.3175,0,134122.4,0.428027445,4.4827,221175.2346,0.705840863,1.694928602,197.358944,884.7009383,,,
Building 150,Client6,7000002,ON,,,,,,,,,,,,,,,,,,0.033466,,,,,,,,0.177093,,,,,,,4.4827,,,,,,,,
Building 151,Client6,7000003,ON,,448506.1047,3.322267442,25.11034972,270.2943996,Yes,Two Tiered,1053038.8,,224806.0041,91138.77,2336858.413,50073.859,,7.800287407,83.96434238,0.098,0.033466,0.131466,103197.8024,35240.99648,132901.2469,0.984453681,17.31006232,186.3300572,0.135,0.158788257,0.293788257,30348.81056,35696.55356,91138.77,0.675102,4.4827,224466.0877,1.662711761,3.992653112,272.140538,1219.92439,,,
Building 152,Client6,7000004,ON,,,,,,,,,,273487.9835,91839.63,2842907.589,,,,,,0.033466,,,,,,22.74326071,244.8144318,0.135,,,36920.87778,,91839.63,0.73471704,4.4827,,,,,,,,
Building 153,Client6,7000005,ON,,,,,,,,,,,,,,,,,,0.033466,,,,,,,,0.177093,,,,,,,4.4827,,,,,,,,
Building 154,Client6,7000006,ON,,799842.9158,2.96238117,25.65174257,276.1220944,Yes,Spot Market,1887960.9,,484657.0075,177011.5,5038009.593,84978.243,,6.992447778,75.26854443,0.1,0.033466,0.133466,188796.09,63182.49948,241899.4459,0.895923874,18.65929479,200.85355,0.135,0,0.135,65428.69602,0,177011.5,0.655598148,4.4827,380931.9699,1.410859148,3.387881952,253.666397,1137.110358,,,
Building 155,Client6,7000007,ON,,305821.904,2.038812694,28.23411633,303.9194438,Yes,TOU,281660,,380322.987,126677.82,3953457.449,31611.253,,1.877733333,20.21241478,0.105,0.033466,0.138466,29574.3,9426.03356,37440.32022,0.249602135,26.356383,283.707029,0.135,0,0.135,51343.60324,0,126677.82,0.8445188,4.4827,141703.7638,0.944691759,2.268478866,,,,,
Building 156,Client6,7000008,ON,,169964.6428,1.387466472,18.45868929,198.6941797,Yes,Two Tiered,122200,,205770.9897,68917.06,2138989.438,19101.221,,0.99755102,10.73790119,0.098,0.033466,0.131466,11975.6,4089.5452,15422.53939,0.125898281,17.46113827,187.9562785,0.135,0.158788257,0.293788257,27779.08361,32674.0168,68917.06,0.562588245,4.4827,85625.04338,0.698979946,1.678453549,185.4487476,831.3111007,,,
Building 157,Client6,7000009,ON,,196474.4794,1.871185518,24.07721484,259.1734643,Yes,Two Tiered,172320,,226626.9897,82981.79,2355787.558,20466.379,,1.641142857,17.66569276,0.098,0.033466,0.131466,16887.36,5766.86112,21748.05228,0.207124307,22.43607198,241.5077716,0.135,0.158788257,0.293788257,30594.64361,35985.70468,82981.79,0.790302762,4.4827,91744.63714,0.873758449,2.098147419,196.7921058,882.1599725,,,
Building 158,Client6,7000010,ON,,,,23.2972315,250.7775188,Yes,Two Tiered,1974652,,304473,103638.52,3164996.835,,,8.950791435,96.34866991,0.098,0.033466,0.131466,193515.896,66083.70383,249215.6158,1.129655757,14.34644006,154.4288489,0.135,0,0.135,41103.855,0,103638.52,0.469777347,4.4827,,,,,,,,
Building 159,Client6,7000011,ON,,,,,,,,,,,,,,,,,,0.033466,,,,,,,,,,,,,,,4.4827,,,,,,,,
Building 160,Client6,7000012,ON,,416066.3087,1.386887696,16.90692664,181.9905989,Yes,Two Tiered,1649045.9,,329296.0165,,3423032.091,56073.05,,5.496819667,59.16921062,0.098,0.02233308,0.12033308,161606.4982,36828.27401,190497.3813,0.634991271,11.41010697,122.8213883,0.135,0,0.135,44454.96222,0,50234.10731,0.167447024,3.1269,175334.82,0.5844494,2.011950126,155.7584722,487.0411668,,,
Building 161,Client6,7000013,ON,,437315.3803,2.915435869,34.74006577,373.9511923,Yes,Two Tiered,1945451.8,,314147,108816.26,3265558.065,33183.345,,12.96967867,139.6090276,0.098,0.02233308,0.12033308,190654.2764,43447.93069,224738.1188,1.498254125,21.7703871,234.3421647,0.135,0.158788257,0.293788257,42409.845,49882.85457,108816.26,0.725441733,3.1269,103761.0015,0.69174001,2.381294941,130.6430906,408.5078798,,,
Building 162,Client6,7000014,ON,,602452.6845,4.819621476,48.4013007,521.0043133,Yes,Two Tiered,2394438.6,,351680.9993,224587.02,3655723.988,27395.257,,19.1555088,206.1949279,0.098,0.02976135,0.12776135,234654.9828,71261.72523,293680.0397,2.349440318,29.2457919,314.8093854,0.177093,,,62280.24321,,224587.02,1.79669616,3.073,84185.62476,0.673484998,2.359117933,,,,,
Building 163,Client6,7000015,ON,,454444.8577,2.272224288,24.43961608,263.0744465,Yes,Two Tiered,1232687.8,,351633.9986,117552.56,3655235.416,40448.396,,6.163439,66.34487621,0.098,0.033466,0.131466,120803.4044,41253.12991,155574.2729,0.777871365,18.27617708,196.7295703,0.135,0,0.135,47470.58981,0,117552.56,0.5877628,4.4827,181318.0247,0.906590124,2.176985791,201.235801,902.0797251,,,
Building 164,Client6,7000016,ON,,,,,,Yes,Spot Market,393805.9,,,,,37439.515,,2.625372667,28.26020093,0.1,0.033466,0.133466,39380.59,13179.10825,50457.31032,0.336382069,,,0.177093,,,,,,,4.4827,167830.1139,1.118867426,2.686725152,156.6506904,702.2180498,,,
Building 165,Client6,7000017,ON,,,,,,,,,,,,,,,,,,0.033466,,,,,,,,0.177093,,,,,,,4.4827,,,,,,,,
Building 166,Client6,7000018,ON,,378850.0377,2.525666918,27.05192704,291.1940478,Yes,TOU,337979.9,,357845.9986,134689.88,3719809.156,44444.951,,2.253199333,24.25402942,0.105,0.033466,0.138466,35487.8895,11310.83533,44926.77584,0.299511839,24.7987277,266.9400184,0.135,0,0.135,48309.20981,0,134689.88,0.897932533,4.4827,199233.3818,1.328222546,3.189447506,185.9621381,833.6124764,,,
Building 167,Client6,7000019,ON,,375414.6517,1.501658607,18.29170973,196.8967678,Yes,Two Tiered,1451017.9,,300327.9973,101412.17,3121909.531,34021.314,,5.8040716,62.47655113,0.098,0.02233308,0.12033308,142199.7542,32405.69884,167621.2349,0.67048494,12.48763813,134.4202166,0.135,0.158788257,0.293788257,40544.27963,47688.55921,101412.17,0.40564868,3.1269,106381.2467,0.425524987,1.464857438,131.8655581,412.3304137,,,
Building 168,Client6,7000020,ON,,139871.0552,1.216270046,22.78979647,245.3153549,Yes,TOU,103324,,242183.9918,,2517502.594,9703.537,,0.898469565,9.671362381,0.105,0.023845629,0.128845629,10849.02,2463.825771,12780.33194,0.111133321,21.89132691,235.6439925,0.177093,0.157530733,0.334623733,42889.08965,38151.42174,91575.77788,0.796311112,3.66,35514.94542,0.308825612,0.908273225,67.8569021,248.3562617,,,
Building 169,Client6,7000021,ON,,199572.8303,1.596582642,26.89833673,289.5407613,Yes,TOU,276131,,296888.9938,,3086161.091,14523.659,,2.209048,23.77877287,0.105,0.023845629,0.128845629,28993.755,6584.517381,34155.14149,0.273241132,24.68928873,265.7619884,0.177093,0.157530733,0.334623733,52576.96258,46769.14082,112261.0968,0.898088775,3.66,53156.59194,0.425252736,1.250691841,88.55889634,324.1255606,,,
Building 170,Client6,7000022,ON,,287266.0227,2.298128182,25.44814093,273.9304729,Yes,TOU,1094314.9,,200741.0021,,2086702.716,26238.549,,8.7545192,94.23594403,0.105,0.0355,0.1405,114903.0645,38848.17895,147601.1937,1.18080955,16.69362173,179.6945289,0.177093,0.157530733,0.334623733,35549.82628,31622.8772,75905.15493,0.607241239,2.43,63759.67407,0.510077393,2.259509064,87.75434448,213.2430571,,,
Building 171,Client6,7000023,ON,,,,,,Yes,Spot Market,3352809.7,,,,,13821.751,,,,0.1,0.033466,0.133466,335280.97,112205.1294,429586.6554,,,,,,,,,,,4.4827,61958.76321,,,,,,,
Building 172,Client6,7000024,ON,,320976.5747,2.917968861,39.35322296,423.608428,Yes,TOU,810645.9,,338452.0082,102033.91,3518208.626,24803.276,,7.369508182,79.32732166,0.105,0.033466,0.138466,85117.8195,27129.07569,107757.0194,0.979609267,31.98371478,344.2811063,0.135,0.158788257,0.293788257,45691.02111,53742.20447,102033.91,0.927581,4.4827,111185.6453,1.010778594,2.427172522,189.3379847,848.7453842,,,
Building 173,Client6,7000025,ON,,469541.1182,1.788728069,21.76585743,234.2934061,Yes,Spot Market,1432512.8,,411834.9952,139053.73,4281024.775,32780.089,,5.457191619,58.74264391,0.1,0.033466,0.133466,143251.28,47940.47336,183544.0832,0.699215555,16.30866581,175.5507622,0.135,0,0.135,55597.72435,0,139053.73,0.529728495,4.4827,146943.305,0.559784019,1.344203762,109.2669633,489.8110165,,,
Building 174,Client6,7000026,ON,,,,30.14582878,324.4976188,Yes,Two Tiered,1047250.9,,232758,77664.36,2419519.41,,,9.106529565,98.02507605,0.098,0.033466,0.131466,102630.5882,35047.29862,132170.7713,1.149311055,21.03929922,226.4725427,0.135,0.158788257,0.293788257,31422.33,36959.23712,77664.36,0.675342261,4.4827,,,,,,,,
Building 175,Client6,7000027,ON,,470654.1767,1.792968292,23.82983301,256.5105813,Yes,Spot Market,1303538,,476362.9787,160501.02,4951793.164,31930.371,,4.965859048,53.45381106,0.1,0.033466,0.133466,130353.8,43624.20271,167018.8826,0.63626241,18.86397396,203.0567703,0.135,0,0.135,64309.00213,0,160501.02,0.611432457,4.4827,143134.2741,0.545273425,1.309359619,107.872875,483.5617368,,,
Building 176,Client6,7000028,ON,,240517.1631,1.924137305,23.21220835,249.8623073,Yes,TOU,671517.9,,214526.9979,69886.57,2230008.144,18151.447,,5.3721432,57.82716039,0.105,0.033466,0.138466,70509.3795,22473.01804,89263.10164,0.714104813,17.84006515,192.0351469,0.135,0.158788257,0.293788257,28961.14472,34064.36808,69886.57,0.55909256,4.4827,81367.49147,0.650939932,1.563095544,176.2276408,789.9756453,,,
Building 177,Client6,7000029,ON,,,,15.09813314,162.5202706,Yes,Two Tiered,3619715.6,,450626.0343,148167.82,4684257.627,,,6.581301091,70.84285351,0.098,0.033466,0.131466,354732.1288,121137.4023,456834.7498,0.830608636,8.516832049,91.6774171,0.135,0,0.135,60834.51463,0,148167.82,0.269396036,4.4827,,,,,,,,
Building 178,Client6,7000030,ON,,971837.1202,2.159638045,25.83185988,278.0609244,Yes,Spot Market,3526756.6,,778988.0082,255704.37,8097580.346,58950.797,,7.837236889,84.36207631,0.1,0.033466,0.133466,352675.66,118026.4364,451874.0125,1.004164472,17.99462299,193.6988481,0.135,0,0.135,105163.3811,0,255704.37,0.568231933,4.4827,264258.7377,0.587241639,1.410137472,114.6902665,514.1220578,,,
Building 179,Client6,7000031,ON,,,,,,,,,,191484.0055,,1990476.237,,,,,,0.0355,,,,,,15.27024348,164.3729115,0.177093,0.157530733,0.334623733,33910.47698,30164.61574,72404.85478,0.555464939,2.43,,,,,,,,
Building 180,Client6,7000032,ON,,,,,,,,,,176178.9897,,1831380.598,,,,,,0.0355,,,,,,14.0497169,151.2348428,0.177093,0.157530733,0.334623733,31200.06582,27753.60539,66617.64847,0.511067499,2.43,,,,,,,,
Building 181,Client6,7000033,ON,,,,,,,,,,208085.0185,,2163043.768,,,,,,0.0355,,,,,,16.59412173,178.6234847,0.177093,0.157530733,0.334623733,36850.40019,32779.7855,78682.10982,0.603621863,2.43,,,,,,,,
Building 182,Client6,7000034,ON,,273069.617,1.820464113,24.01338907,258.486427,Yes,Spot Market,292916,,318335.0034,109606.59,3309092.361,28092.996,,1.952773333,21.02016505,0.1,0.033466,0.133466,29291.6,9802.726856,37530.55378,0.250203692,22.06061574,237.466262,0.135,0,0.135,42975.22546,0,109606.59,0.7307106,4.4827,125932.4732,0.839549821,2.016002583,117.5439163,526.9141137,,,
Building 183,Client6,7000035,ON,,,,,,,,,,,,,,,,,,0.0355,,,,,,,,0.177093,,,,,,,2.43,,,,,,,,
Building 184,Client6,7000036,ON,,,,,,,,,,,,,,,,,,0.0355,,,,,,,,0.177093,,,,,,,2.43,,,,,,,,
Building 185,Client6,7000037,ON,,,,,,,,,,,,,,,,,,0.033466,,,,,,,,0.177093,,,,,,,4.4827,,,,,,,,
Building 186,Client6,7000038,ON,,433922.846,3.471382768,34.69719719,373.4897437,Yes,Spot Market,1493670.1,,273543.0062,75236,2843479.549,37322.783,,11.9493608,128.6260581,0.1,0.033466,0.133466,149367.01,49987.16357,191380.0066,1.531040053,22.74783639,244.8636856,0.135,0.158788257,0.293788257,36928.30583,43435.41717,75236,0.601888,4.4827,167306.8394,1.338454715,3.214017912,365.9096373,1640.263131,,,
Building 187,Client6,7000039,ON,,780308.1156,3.00118506,25.79781957,277.6945056,Yes,Two Tiered,1582136.8,,493053.9959,162843.66,5125296.287,93199.89,,6.085141538,65.50206177,0.098,0.033466,0.131466,155049.4064,52947.79015,199677.3087,0.767989649,19.71267803,212.1924438,0.135,0,0.135,66562.28944,0,162843.66,0.626321769,4.4827,417787.1469,1.606873642,3.858569595,361.2398837,1619.330027,,,
Building 188,Client6,7000040,ON,,795532.5984,,,,Yes,Two Tiered,1808809.8,,459499.0117,153531.01,4776492.226,92291.806,,,,0.098,0.033466,0.131466,177263.3604,60533.62877,228285.1096,,,,0.135,0,0.135,62032.36658,0,153531.01,,4.4827,413716.4788,,,,,,,
Building 189,Client7,15000001,ON,Gas,433596.9784,2.204580935,22.57344374,242.9864773,Yes,Two Tiered,1088636,,322377,,3351108.915,40000,,5.53506203,59.58086146,0.098,0.033466,0.131466,106686.328,36432.29238,137393.8756,0.698565566,17.03838171,183.4056158,0.1621,0.158788257,0.320888257,52257.3117,51189.68193,116895.1028,0.594341584,4.4827,179308,0.911673785,2.189193136,246.9135802,1106.839506,,,246499.36
Building 190,Client7,15000002,ON,Gas,212932.628,1.895632683,21.10996826,227.2332429,Yes,Two Tiered,545286,,175657,,1825954.515,17940,,4.854408518,52.25412829,0.098,0.033466,0.131466,53438.028,18248.54128,68819.1065,0.612662083,16.25555974,174.9791146,0.1621,0.158788257,0.320888257,28473.9997,27892.26886,63693.88347,0.567034786,4.4827,80419.638,0.715935813,1.719169503,184.9484536,829.068433,,,
Building 191,Client7,15000003,ON,Gas,221657.3686,1.933390046,21.06899531,226.7921992,Yes,Two Tiered,607817,,173899,,1807680.105,18268,,5.301638944,57.06823406,0.098,0.033466,0.131466,59566.066,20341.20372,76710.97893,0.669105855,15.76735636,169.7239652,0.1621,0.158788257,0.320888257,28189.0279,27613.1191,63056.42611,0.550005025,4.4827,81889.9636,0.714279166,1.715191414,188.3298969,844.2264289,,,
Building 192,Client7,15000004,ON,Gas,197424.9771,1.615641895,20.9252566,225.244958,Yes,Two Tiered,667286,,181789,,1889696.655,15709,,5.460784314,58.78131662,0.098,0.03061042,0.12861042,65394.028,20425.90472,82387.13541,0.674221214,15.46447228,166.4636414,0.1621,0.158788257,0.320888257,29467.9969,28865.95845,65917.36955,0.539439667,3.1269,49120.4721,0.401981015,1.383807996,125.672,392.9637768,,,
Building 193,Client5,14000013,ON,,132345.1794,1.895248166,15.13322505,162.8980091,Yes,TOU,521421,,51499,34030.07,535332.105,6470.206,,7.467005585,80.37680931,0.105,0.033466,0.138466,54749.205,17449.87519,69311.11698,0.99256934,7.666219462,82.5211998,0.177093,,,9120.112407,,34030.07,0.487327366,4.4827,29003.99244,0.41535146,0.997379304,269.5919167,1208.499685,,,
Building 194,Client5,14000014,ON,,150590.6437,2.156532202,15.29288894,164.6166732,Yes,TOU,509140,,53753,38746.04,558762.435,9852.537,,7.291135615,78.48369876,0.105,0.033466,0.138466,53459.7,17038.87924,67678.63607,0.969191409,8.00175333,86.13297448,0.177093,,,9519.280029,,38746.04,0.55486238,4.4827,44165.96761,0.632478413,1.518764084,410.522375,1840.24865,,,
Building 195,Client5,14000015,ON,,130222.9596,1.029723554,12.24962518,131.8581828,Yes,TOU,103700,,139051.1399,,1445436.599,19702.05501,,0.819996204,8.826654515,0.105,0.03061042,0.13561042,10888.5,3174.300554,13500.28853,0.106752028,11.42962898,123.0315283,0.155,0.195773825,0.350773825,21552.92668,27222.57353,55116.31523,0.435826126,3.1269,61606.3558,0.4871454,1.676983923,410.4594793,1283.465746,,,
Building 196,Client8,16000001,ON,,676264.7013,,,,Yes,Two Tiered,3463443,,451126,166111.59,4689454.77,16294,,,,0.098,0.033466,0.131466,339417.414,115907.5834,437111.9975,,,,0.177093,0.158788257,0.335881257,79891.25672,71633.51123,166111.59,,4.4827,73041.1138,,,29.09642857,130.4305604,,,
Building 197,Client8,16000002,ON,,536714.5909,,,,Yes,TOU,3075796,,300557,67223.70026,3124290.015,13526.1,,,,0.105,0.033466,0.138466,322958.58,102934.5889,408857.4422,,,,0.177093,0.158788257,0.335881257,53226.5408,47724.92216,67223.70026,,4.4827,60633.44847,,,29.27727273,131.2412305,,,
Building 198,Client8,16000003,ON,,,,,,Yes,Two Tiered,1961278,,,,,29959,,,,0.098,0.033466,0.131466,192205.244,65636.12955,247527.7186,,,,0.177093,,,,,,,4.4827,134297.2093,,,237.7698413,1065.850867,,,
Building 199,Client8,16000004,ON,,443347.8884,,,,Yes,Two Tiered,1908556,,528199,167096.83,5490628.605,7891.95,,,,0.098,0.033466,0.131466,187038.488,63871.7351,240873.8142,,,,0.177093,0.158788257,0.335881257,93540.34551,83871.79856,167096.83,,4.4827,35377.24427,,,44.08910615,197.6382361,,,920835.31
Building 200,Client8,16000005,ON,,682509.602,,,,Yes,Two Tiered,773538,,888962,281484.46,9240759.99,67682.19,,,,0.098,0.033466,0.131466,75806.724,25887.22271,97626.18884,,,,0.177093,0.158788257,0.335881257,157428.9475,141156.7265,281484.46,,4.4827,303398.9531,,,,,,,
